"","spp","monthf","C13_sd","C13","pro_area_sd","pro_area"
"1","Cs","May",NA,NA,21876.620065761,22621.0092625077
"2","Cs","July",1.0596080367971,-27.3029719007692,29170.8005586699,52206.0889059154
"3","Cs","October",0.838557707537347,-27.5574335983333,61477.6054000829,123924.328026975
"4","Pa","May",0.537453143468071,-28.3943692223529,27562.5891426634,25655.7754839412
"5","Pa","July",0.591567231702099,-28.0828378953333,36691.3069505064,40221.5438362733
"6","Pa","October",0.828360958402604,-29.6310463786667,23181.3472377938,30931.7260544867
"7",NA,"July",NA,NA,NA,NA
